id,resume
1,"Name: Dana Alvarez
    Job Family: Technology
    Role: Business Analyst
    Grade: L3
    Department: Sales
    Total Years of Experience: 36
    Years of Experience in Current Role: 7
    Skills: Agile, Portfolio Management, Web-Development, Software Testing, Performance Tuning, Java, Full-Stack
    Qualifications: Bachelors
    Certifications: OCJP, AWS certified engineer, JCIP
    Employment Type: Intern
    Region: AMER
    Summary: Movement leg black technology. Drug not measure very happen. Reality conference situation. Person head treat issue themselves."
2,"Name: David Brown
    Job Family: Technology
    Role: Business Analyst
    Grade: Director
    Department: Audit
    Total Years of Experience: 38
    Years of Experience in Current Role: 26
    Skills: Portfolio Management, Big-Data, Technical Architecture
    Qualifications: Masters
    Certifications: AWS certified engineer, Mulesoft certification
    Employment Type: Part-time
    Region: GLOBAL
    Summary: More seek decision. Citizen anything some much police. Old free store point miss glass ever."
3,"Name: Lucas Edwards
    Job Family: Technology
    Role: Project Manager
    Grade: VP
    Department: Audit
    Total Years of Experience: 11
    Years of Experience in Current Role: 15
    Skills: Agile, Python, Full-Stack, People Management, Technical Architecture, Project Management
    Qualifications: Masters
    Certifications: Mulesoft certification, AWS certified engineer
    Employment Type: Contract
    Region: GLOBAL
    Summary: Fish support area institution. Ability stock group care especially. Could draw to truth blood. Off certain stuff bed rich. Partner high stock wrong thought become open I. Action early now ever."
4,"Name: Sandra Mitchell
    Job Family: Technology
    Role: Project Manager
    Grade: L1
    Department: Finance
    Total Years of Experience: 40
    Years of Experience in Current Role: 25
    Skills: Big-Data, People Management, Full-Stack, Java, Code Analysis, Azure, Software Testing, Project Management, Python
    Qualifications: Bachelors
    Certifications: JCIP, Cloudera certified engineer, Mulesoft certification
    Employment Type: Part-time
    Region: GLOBAL
    Summary: Enter recent environmental standard since. Beat way political authority west course weight model. Can east instead continue role concern relationship. Director push pick bed good there. Treatment produce development."
5,"Name: Janet Oneal
    Job Family: Technology
    Role: Chief Information Officer
    Grade: L1
    Department: Retail Banking
    Total Years of Experience: 36
    Years of Experience in Current Role: 16
    Skills: Java, Project Management, Budgeting, People Management, Big-Data, Software Testing
    Qualifications: Bachelors
    Certifications: OCJP
    Employment Type: Intern
    Region: APAC
    Summary: Stuff impact magazine between reason. Tonight both become Mr manage. American night generation ball. Both material network rate then."
6,"Name: Sharon Smith
    Job Family: Technology
    Role: Senior developer
    Grade: L1
    Department: Human Resource
    Total Years of Experience: 7
    Years of Experience in Current Role: 14
    Skills: Java, Python, Big-Data, Full-Stack, Web-Development, Portfolio Management, Software Testing, Performance Tuning, Budgeting, AWS
    Qualifications: Diploma
    Certifications: PMP
    Employment Type: Intern
    Region: EMEA
    Summary: Save ever part determine human case summer. Station page laugh item nor son. Stock road billion necessary. Claim strategy collection role anything. Reach American others teacher idea standard pay."
7,"Name: Vickie Johnson
    Job Family: Technology
    Role: Chief Technology Officer
    Grade: L1
    Department: Private Banking
    Total Years of Experience: 6
    Years of Experience in Current Role: 34
    Skills: AWS, Agile, Full-Stack, RDBMS, Python, Big-Data
    Qualifications: Masters
    Certifications: JCIP, OCJP
    Employment Type: Part-time
    Region: APAC
    Summary: Avoid education indeed point member election show partner. High message city time training. Probably kind catch education what past thank."
8,"Name: Eddie Taylor
    Job Family: Technology
    Role: Chief Information Officer
    Grade: VP
    Department: Compliance
    Total Years of Experience: 19
    Years of Experience in Current Role: 3
    Skills: Technical Architecture, Web-Development, Performance Tuning, Python
    Qualifications: Masters
    Certifications: OCJP
    Employment Type: Intern
    Region: APAC
    Summary: Listen two sure whom street. Number bag computer president safe. Month firm across rest safe stock cut."
9,"Name: Sarah Perez
    Job Family: Technology
    Role: Chief Information Officer
    Grade: L2
    Department: Investment Banking
    Total Years of Experience: 33
    Years of Experience in Current Role: 3
    Skills: Project Management, Performance Tuning, Python, People Management, Big-Data, AWS, Portfolio Management
    Qualifications: Masters
    Certifications: Mulesoft certification
    Employment Type: Part-time
    Region: AMER
    Summary: Two material society beat Congress. Religious after until word several. Scene serve letter skin. Social social interest. Break offer move who fund child anyone."
10,"Name: Lisa Brown
    Job Family: Technology
    Role: Business Analyst
    Grade: AVP
    Department: Finance
    Total Years of Experience: 10
    Years of Experience in Current Role: 24
    Skills: Portfolio Management, Azure, Python, AWS
    Qualifications: Bachelors
    Certifications: JCIP, PMP, Mulesoft certification
    Employment Type: Part-time
    Region: GLOBAL
    Summary: Rich age shake power. Century answer others say event world. Station leg mean writer."
11,"Name: Brenda Robertson
    Job Family: Technology
    Role: Associate developer
    Grade: Director
    Department: Finance
    Total Years of Experience: 6
    Years of Experience in Current Role: 23
    Skills: Budgeting, Full-Stack, Technical Architecture, Python, Project Management
    Qualifications: Diploma
    Certifications: PMP
    Employment Type: Intern
    Region: AMER
    Summary: Near mission a report foot. Blue example huge professional spend. Physical trip would. Quickly listen write fine even. Almost price budget sit design. Somebody stay bar box ability official green."
12,"Name: Bryan Pierce
    Job Family: Technology
    Role: Project Manager
    Grade: L1
    Department: Retail Banking
    Total Years of Experience: 24
    Years of Experience in Current Role: 33
    Skills: Software Testing, Big-Data, Technical Architecture, Portfolio Management, AWS, Python, RDBMS, Performance Tuning, Web-Development
    Qualifications: Diploma
    Certifications: Mulesoft certification
    Employment Type: Part-time
    Region: EMEA
    Summary: Fear probably focus walk these together while. Visit bed resource make manage yourself. Argue education Democrat down. Politics law spring man thus cold officer. Too keep prove American data. Purpose outside challenge politics."
13,"Name: Elaine Huynh
    Job Family: Technology
    Role: Associate developer
    Grade: Director
    Department: Investment Banking
    Total Years of Experience: 10
    Years of Experience in Current Role: 39
    Skills: Big-Data, Web-Development, Budgeting, Agile, Python
    Qualifications: Masters
    Certifications: PMP
    Employment Type: Contract
    Region: GLOBAL
    Summary: Ask buy issue forward spend move artist. Word try pick sense. Final enjoy happy. Clearly compare affect big foreign practice production."
14,"Name: Joseph Hardy
    Job Family: Technology
    Role: Project Manager
    Grade: VP
    Department: Human Resource
    Total Years of Experience: 32
    Years of Experience in Current Role: 40
    Skills: Software Testing, Web-Development, Big-Data, Code Analysis, Python, RDBMS, Full-Stack, AWS
    Qualifications: Masters
    Certifications: Mulesoft certification
    Employment Type: Contract
    Region: GLOBAL
    Summary: She whether audience tonight. Research campaign new forget dog kid worry. Investment long step assume road upon. Late front call accept attention."
15,"Name: Kyle Smith
    Job Family: Technology
    Role: Project Manager
    Grade: L1
    Department: Private Banking
    Total Years of Experience: 28
    Years of Experience in Current Role: 39
    Skills: Azure, Agile, Budgeting, Portfolio Management, Web-Development, Project Management
    Qualifications: Masters
    Certifications: JCIP
    Employment Type: Part-time
    Region: GLOBAL
    Summary: Issue group market one hundred. Talk list allow public analysis save. Product product president treat lot recently animal. Should get follow computer prevent nothing cultural."
16,"Name: Daniel Ortiz
    Job Family: Technology
    Role: Business Analyst
    Grade: L1
    Department: Retail Banking
    Total Years of Experience: 7
    Years of Experience in Current Role: 22
    Skills: Software Testing, Technical Architecture, Python, Java
    Qualifications: Diploma
    Certifications: Cloudera certified engineer
    Employment Type: Contract
    Region: GLOBAL
    Summary: Foot art seek business might. Against add start mind material. Wrong modern notice manager employee week century. There agent learn relationship population."
17,"Name: Richard Richardson
    Job Family: Technology
    Role: Senior developer
    Grade: Executive Director
    Department: Finance
    Total Years of Experience: 12
    Years of Experience in Current Role: 35
    Skills: Azure, Performance Tuning, Code Analysis, Portfolio Management, Big-Data
    Qualifications: Masters
    Certifications: PMP, JCIP, Cloudera certified engineer
    Employment Type: Part-time
    Region: GLOBAL
    Summary: Sit eye friend might type. Building practice safe write. Whose our doctor."
18,"Name: Oscar Hunter
    Job Family: Technology
    Role: Chief Technology Officer
    Grade: AVP
    Department: Audit
    Total Years of Experience: 14
    Years of Experience in Current Role: 34
    Skills: Project Management, Big-Data, Full-Stack, Python, Web-Development, People Management, Java
    Qualifications: Diploma
    Certifications: PMP
    Employment Type: Part-time
    Region: GLOBAL
    Summary: Entire side pattern discover win. Response evidence when of. Others church base song two. Tax city approach big beyond every author drive."
19,"Name: Mercedes Norris
    Job Family: Technology
    Role: Senior developer
    Grade: VP
    Department: Investment Banking
    Total Years of Experience: 35
    Years of Experience in Current Role: 21
    Skills: Web-Development, Full-Stack, AWS, Portfolio Management, Project Management, Java, Code Analysis, Budgeting, People Management, Big-Data
    Qualifications: Bachelors
    Certifications: Cloudera certified engineer, JCIP, PMP
    Employment Type: Part-time
    Region: APAC
    Summary: Everyone commercial catch section choose senior high three. Clearly style investment type play drop board. Kind total light sing. Enjoy ahead cold reveal."
20,"Name: Annette Hull
    Job Family: Technology
    Role: QA Engineer
    Grade: L2
    Department: Private Banking
    Total Years of Experience: 11
    Years of Experience in Current Role: 18
    Skills: RDBMS, Software Testing, Code Analysis
    Qualifications: Bachelors
    Certifications: OCJP, PMP
    Employment Type: Intern
    Region: AMER
    Summary: Close true network discover. Since short power degree owner own college mouth. School feeling option. Simple water mother report full draw easy. Little movement or show somebody. Industry back particularly."
21,"Name: Karen Phillips
    Job Family: Technology
    Role: QA Engineer
    Grade: L2
    Department: Finance
    Total Years of Experience: 28
    Years of Experience in Current Role: 11
    Skills: Azure, Big-Data, Software Testing, Portfolio Management, Full-Stack
    Qualifications: Masters
    Certifications: AWS certified engineer
    Employment Type: Part-time
    Region: GLOBAL
    Summary: Management about power prevent situation size huge. Way school industry peace understand religious worry. Past civil actually population great."
22,"Name: Elizabeth Fernandez
    Job Family: Technology
    Role: QA Engineer
    Grade: Director
    Department: Compliance
    Total Years of Experience: 17
    Years of Experience in Current Role: 28
    Skills: Performance Tuning, Technical Architecture, Big-Data, Project Management, AWS, Java, Software Testing, Agile, Portfolio Management, Web-Development
    Qualifications: Diploma
    Certifications: JCIP
    Employment Type: Contract
    Region: APAC
    Summary: Arm reveal simple main such husband or. Fight world relationship card information pull. Issue democratic cut sign nearly."
23,"Name: Joshua Sullivan
    Job Family: Technology
    Role: Project Manager
    Grade: Director
    Department: Private Banking
    Total Years of Experience: 20
    Years of Experience in Current Role: 10
    Skills: Java, Agile, RDBMS, Software Testing, People Management, Python, Code Analysis
    Qualifications: Diploma
    Certifications: JCIP
    Employment Type: Full-time
    Region: EMEA
    Summary: Republican benefit because get shake those this. Treat watch skill way present role board. Image these card region western some."
24,"Name: Matthew Hawkins
    Job Family: Technology
    Role: Project Manager
    Grade: VP
    Department: Investment Banking
    Total Years of Experience: 32
    Years of Experience in Current Role: 26
    Skills: Full-Stack, Python, Code Analysis, Portfolio Management, Software Testing, People Management, Agile, Java, Big-Data
    Qualifications: Diploma
    Certifications: PMP
    Employment Type: Contract
    Region: GLOBAL
    Summary: Effect including space these just throughout produce. Help seat TV. Anyone difficult popular. Design listen wall boy low scene factor. Address pull someone account very."
25,"Name: Caitlin Harrell
    Job Family: Technology
    Role: Chief Information Officer
    Grade: L3
    Department: Investment Banking
    Total Years of Experience: 12
    Years of Experience in Current Role: 24
    Skills: RDBMS, Performance Tuning, Java, Code Analysis, Software Testing, Azure
    Qualifications: Diploma
    Certifications: AWS certified engineer
    Employment Type: Intern
    Region: GLOBAL
    Summary: Effort hear machine himself everybody create. Never after themselves onto arrive region population beyond. Indicate participant personal. Program along yourself recognize check."
26,"Name: Kenneth Hall
    Job Family: Technology
    Role: Automation engineer
    Grade: Director
    Department: Retail Banking
    Total Years of Experience: 35
    Years of Experience in Current Role: 25
    Skills: Software Testing, Azure, Portfolio Management, Web-Development, Java, People Management, Python, Code Analysis
    Qualifications: Bachelors
    Certifications: Mulesoft certification, PMP
    Employment Type: Full-time
    Region: APAC
    Summary: Air hour pick member. Of turn fly window thus from. Teach family size unit north expect company. General go hospital him guess card citizen. Process yard career. Line increase wall yes practice."
27,"Name: Charles Brown
    Job Family: Technology
    Role: Chief Information Officer
    Grade: L1
    Department: Investment Banking
    Total Years of Experience: 12
    Years of Experience in Current Role: 1
    Skills: Java, Project Management, Big-Data, Technical Architecture
    Qualifications: Diploma
    Certifications: AWS certified engineer, OCJP, Cloudera certified engineer
    Employment Type: Full-time
    Region: GLOBAL
    Summary: Little win seat then executive between. People reach international personal enjoy structure crime. Sort need difficult four."
28,"Name: Melissa Warren
    Job Family: Technology
    Role: Senior developer
    Grade: AVP
    Department: Marketing
    Total Years of Experience: 16
    Years of Experience in Current Role: 9
    Skills: Web-Development, Agile, Big-Data, AWS, Project Management, Technical Architecture, Portfolio Management
    Qualifications: Masters
    Certifications: PMP, AWS certified engineer
    Employment Type: Intern
    Region: GLOBAL
    Summary: According almost party decision image defense Congress. Than wind but such. She once also matter agency resource. Standard thing enjoy too why look. Do live west likely after."
29,"Name: Danielle Davis
    Job Family: Technology
    Role: Senior developer
    Grade: Director
    Department: Finance
    Total Years of Experience: 38
    Years of Experience in Current Role: 27
    Skills: Azure, Performance Tuning, AWS, Code Analysis, People Management, Budgeting, Agile, Technical Architecture, Python
    Qualifications: Bachelors
    Certifications: JCIP, Cloudera certified engineer
    Employment Type: Intern
    Region: GLOBAL
    Summary: Without president century resource site argue author red. Population population me space build other. Travel customer money art way control. Note white feeling book black less. These prevent certainly well customer raise bed along."
30,"Name: Elizabeth White
    Job Family: Technology
    Role: Business Analyst
    Grade: L1
    Department: Marketing
    Total Years of Experience: 22
    Years of Experience in Current Role: 40
    Skills: Budgeting, Full-Stack, AWS, People Management
    Qualifications: Bachelors
    Certifications: AWS certified engineer
    Employment Type: Contract
    Region: EMEA
    Summary: Somebody nature force quickly technology view region. Sport per during build why. Sea structure he industry ago hand. Long statement fly number pattern magazine what quality. Time push sing ever. Himself art image tree education white outside."
31,"Name: Jessica Ramsey
    Job Family: Technology
    Role: Business Analyst
    Grade: Executive Director
    Department: Finance
    Total Years of Experience: 40
    Years of Experience in Current Role: 8
    Skills: Performance Tuning, Technical Architecture, Python, Agile, Azure, Java
    Qualifications: Diploma
    Certifications: Cloudera certified engineer
    Employment Type: Intern
    Region: AMER
    Summary: Couple start indeed material try day. Tough perform recent character. Keep this upon program must. Meet edge statement fear exactly unit as. Quickly positive test each speak."
32,"Name: Jason Evans
    Job Family: Technology
    Role: QA Engineer
    Grade: L1
    Department: Private Banking
    Total Years of Experience: 38
    Years of Experience in Current Role: 27
    Skills: Web-Development, Code Analysis, AWS, Big-Data, Technical Architecture, Agile, Azure, Python, People Management
    Qualifications: Diploma
    Certifications: Cloudera certified engineer
    Employment Type: Part-time
    Region: AMER
    Summary: Item fact indicate benefit mention nice relationship. Visit history group across north light. Apply decide government look. Standard try baby answer learn book commercial."
33,"Name: Travis York
    Job Family: Technology
    Role: Automation engineer
    Grade: L2
    Department: Retail Banking
    Total Years of Experience: 18
    Years of Experience in Current Role: 12
    Skills: Technical Architecture, Java, Budgeting
    Qualifications: Diploma
    Certifications: JCIP, PMP
    Employment Type: Full-time
    Region: GLOBAL
    Summary: Quality already own change. Senior land trip move benefit. Describe tell board and suggest arm professional. Drive another consumer each."
34,"Name: Nancy Moore
    Job Family: Technology
    Role: Chief Information Officer
    Grade: AVP
    Department: Retail Banking
    Total Years of Experience: 38
    Years of Experience in Current Role: 12
    Skills: Portfolio Management, Software Testing, Performance Tuning, Big-Data, Full-Stack, Web-Development
    Qualifications: Diploma
    Certifications: AWS certified engineer
    Employment Type: Part-time
    Region: APAC
    Summary: Style call else our. Build professional cup action across. Whose west us civil use discussion suddenly. Project miss ok term rock sister. Program ground throw million."
35,"Name: Jeffrey Huang
    Job Family: Technology
    Role: Tech lead
    Grade: Director
    Department: Compliance
    Total Years of Experience: 3
    Years of Experience in Current Role: 11
    Skills: People Management, Code Analysis, Software Testing, Full-Stack
    Qualifications: Diploma
    Certifications: JCIP, AWS certified engineer, Mulesoft certification
    Employment Type: Full-time
    Region: GLOBAL
    Summary: Society wide pressure hotel senior. Between music himself vote. Mean many deal church among could pressure surface. Bring notice bed understand fear assume."
36,"Name: Brooke Thomas
    Job Family: Technology
    Role: Senior developer
    Grade: Executive Director
    Department: Sales
    Total Years of Experience: 29
    Years of Experience in Current Role: 34
    Skills: Project Management, Web-Development, Agile, Full-Stack, AWS
    Qualifications: Masters
    Certifications: AWS certified engineer
    Employment Type: Part-time
    Region: GLOBAL
    Summary: Itself develop employee relate spend. Moment method natural best. Often social environment church painting produce. Nice politics decade return. Late cell movie these music reach box."
37,"Name: David Brown
    Job Family: Technology
    Role: Associate developer
    Grade: Managing Director
    Department: Marketing
    Total Years of Experience: 29
    Years of Experience in Current Role: 4
    Skills: Python, Web-Development, Performance Tuning, People Management, Technical Architecture, Software Testing, Agile, Portfolio Management
    Qualifications: Masters
    Certifications: OCJP, Mulesoft certification
    Employment Type: Full-time
    Region: EMEA
    Summary: Wish smile boy leave young everyone. Level sign stay detail poor answer. Analysis road particularly media understand."
38,"Name: Rebecca Smith
    Job Family: Technology
    Role: Chief Information Officer
    Grade: AVP
    Department: Retail Banking
    Total Years of Experience: 31
    Years of Experience in Current Role: 21
    Skills: Budgeting, Python, Agile, Code Analysis, Software Testing, Java, Azure, AWS
    Qualifications: Bachelors
    Certifications: OCJP, AWS certified engineer
    Employment Type: Part-time
    Region: AMER
    Summary: Exist music wear anything rich. Simply leader number. Board right development let protect charge a."
39,"Name: Tina Martin
    Job Family: Technology
    Role: QA Engineer
    Grade: L3
    Department: Compliance
    Total Years of Experience: 29
    Years of Experience in Current Role: 2
    Skills: Web-Development, Java, Software Testing, Azure, Technical Architecture, Budgeting, Code Analysis, AWS, Portfolio Management
    Qualifications: Diploma
    Certifications: JCIP, PMP
    Employment Type: Contract
    Region: APAC
    Summary: Magazine protect major green. Ever heart control special. Group Mrs board far worker. Amount simply represent. Might audience most war which."
40,"Name: Gordon Thompson
    Job Family: Technology
    Role: Chief Technology Officer
    Grade: VP
    Department: Human Resource
    Total Years of Experience: 30
    Years of Experience in Current Role: 10
    Skills: Web-Development, Code Analysis, Project Management, Big-Data, Budgeting, Full-Stack, Software Testing
    Qualifications: Bachelors
    Certifications: Mulesoft certification, AWS certified engineer, OCJP
    Employment Type: Full-time
    Region: AMER
    Summary: Number leg eat hear investment time where. Couple candidate hair society. Institution life loss. Smile audience claim member spend senior. Let throughout authority benefit push."
41,"Name: Kristin Herring
    Job Family: Technology
    Role: Chief Technology Officer
    Grade: Director
    Department: Audit
    Total Years of Experience: 34
    Years of Experience in Current Role: 36
    Skills: Technical Architecture, Budgeting, Web-Development
    Qualifications: Diploma
    Certifications: Mulesoft certification, PMP
    Employment Type: Full-time
    Region: EMEA
    Summary: Thought become morning. Available cup themselves high minute follow. Sister avoid right teach become five. Be citizen fund table produce. Appear gun tree professor type."
42,"Name: Lynn Anderson MD
    Job Family: Technology
    Role: Program Manager
    Grade: Executive Director
    Department: Sales
    Total Years of Experience: 39
    Years of Experience in Current Role: 10
    Skills: Portfolio Management, People Management, AWS, Java, Software Testing, RDBMS, Project Management
    Qualifications: Masters
    Certifications: Mulesoft certification, OCJP
    Employment Type: Full-time
    Region: AMER
    Summary: Size specific there now. Many buy art deal. View management arrive cover for. Him treat economic benefit argue author. Themselves end dinner foot."
43,"Name: Lisa Hart
    Job Family: Technology
    Role: Program Manager
    Grade: Director
    Department: Audit
    Total Years of Experience: 4
    Years of Experience in Current Role: 37
    Skills: Code Analysis, Java, Python, People Management, Big-Data, Web-Development, AWS, Portfolio Management, Project Management, Technical Architecture
    Qualifications: Diploma
    Certifications: AWS certified engineer, OCJP
    Employment Type: Full-time
    Region: GLOBAL
    Summary: Else mean guess join best series quickly. Former woman final. Customer respond knowledge able as mind. Month however history."
44,"Name: Thomas Cabrera
    Job Family: Technology
    Role: Chief Information Officer
    Grade: Managing Director
    Department: Audit
    Total Years of Experience: 3
    Years of Experience in Current Role: 40
    Skills: Budgeting, RDBMS, Big-Data, People Management, Project Management, Code Analysis
    Qualifications: Bachelors
    Certifications: PMP, Mulesoft certification, JCIP
    Employment Type: Part-time
    Region: APAC
    Summary: School challenge political third. Cause old city live. Value these professional itself. Manager ten person use reduce century decade. That of tell hair me."
45,"Name: Amanda Harris
    Job Family: Technology
    Role: Program Manager
    Grade: L3
    Department: Marketing
    Total Years of Experience: 13
    Years of Experience in Current Role: 19
    Skills: Java, Agile, Performance Tuning, Technical Architecture, Budgeting, Azure, Full-Stack, Software Testing
    Qualifications: Bachelors
    Certifications: Cloudera certified engineer, OCJP, Mulesoft certification
    Employment Type: Intern
    Region: AMER
    Summary: Line pick care her what. Role all end medical section professional. Political data peace range first institution. Answer dinner decide agree both exist Congress. Evidence evidence carry miss. Person value bring ability understand."
46,"Name: Frank Sharp
    Job Family: Technology
    Role: Tech lead
    Grade: Director
    Department: Retail Banking
    Total Years of Experience: 11
    Years of Experience in Current Role: 18
    Skills: Software Testing, AWS, Azure, People Management
    Qualifications: Bachelors
    Certifications: Cloudera certified engineer, AWS certified engineer, Mulesoft certification
    Employment Type: Intern
    Region: APAC
    Summary: Not world cultural around finish well section. Knowledge bit report measure threat. Morning another year sister over success director. Issue matter style. Ago occur improve above."
47,"Name: James Palmer
    Job Family: Technology
    Role: Chief Technology Officer
    Grade: L2
    Department: Human Resource
    Total Years of Experience: 39
    Years of Experience in Current Role: 8
    Skills: Agile, Azure, AWS, Code Analysis, RDBMS, Technical Architecture, Project Management, Python, Portfolio Management, Software Testing
    Qualifications: Diploma
    Certifications: JCIP, Mulesoft certification, Cloudera certified engineer
    Employment Type: Intern
    Region: GLOBAL
    Summary: Service few factor really baby song set already. Wide knowledge measure explain American. Many our speak thank gas job real."
48,"Name: Tami Gutierrez
    Job Family: Technology
    Role: Senior developer
    Grade: Managing Director
    Department: Investment Banking
    Total Years of Experience: 23
    Years of Experience in Current Role: 5
    Skills: Agile, AWS, Azure
    Qualifications: Bachelors
    Certifications: PMP, OCJP
    Employment Type: Contract
    Region: AMER
    Summary: Oil response sing physical how set artist after. Seem professor color. Enter knowledge learn traditional under. Chance energy role production her will them. Involve smile student language spring likely let. Serious company fight bill either the education police."
49,"Name: David Burns
    Job Family: Technology
    Role: Automation engineer
    Grade: L1
    Department: Audit
    Total Years of Experience: 19
    Years of Experience in Current Role: 5
    Skills: Agile, Software Testing, Java, RDBMS, Technical Architecture, Web-Development, Azure, AWS, Budgeting, Performance Tuning
    Qualifications: Bachelors
    Certifications: Mulesoft certification, OCJP, PMP
    Employment Type: Part-time
    Region: EMEA
    Summary: Doctor part well. Show number he commercial decision common close stage. Role positive new compare perhaps stay."
50,"Name: Craig Hall
    Job Family: Technology
    Role: Chief Information Officer
    Grade: L3
    Department: Investment Banking
    Total Years of Experience: 16
    Years of Experience in Current Role: 38
    Skills: Technical Architecture, RDBMS, Java, Web-Development, AWS, Python, Azure
    Qualifications: Bachelors
    Certifications: PMP
    Employment Type: Intern
    Region: GLOBAL
    Summary: Set night common race real. System focus exactly on reach. Reduce really walk necessary north last."
51,"Name: Kathryn Simmons
    Job Family: Technology
    Role: Senior developer
    Grade: Director
    Department: Human Resource
    Total Years of Experience: 13
    Years of Experience in Current Role: 15
    Skills: Big-Data, Full-Stack, Code Analysis, Technical Architecture
    Qualifications: Masters
    Certifications: Mulesoft certification, OCJP, PMP
    Employment Type: Part-time
    Region: EMEA
    Summary: Price air forget sometimes. Still become federal glass. Rather land impact recent. Goal environment school ready however oil must. Range reveal cover personal improve million science once."
52,"Name: Jennifer Gonzalez
    Job Family: Technology
    Role: Project Manager
    Grade: Managing Director
    Department: Sales
    Total Years of Experience: 26
    Years of Experience in Current Role: 7
    Skills: Software Testing, AWS, Project Management
    Qualifications: Masters
    Certifications: Cloudera certified engineer, Mulesoft certification
    Employment Type: Intern
    Region: EMEA
    Summary: As word fire military check. Education against option land break write individual girl. Official yourself think family most general."
53,"Name: Joseph Castillo
    Job Family: Technology
    Role: Program Manager
    Grade: L3
    Department: Marketing
    Total Years of Experience: 24
    Years of Experience in Current Role: 24
    Skills: Budgeting, People Management, RDBMS, Web-Development, Python, Software Testing, Technical Architecture
    Qualifications: Masters
    Certifications: OCJP, PMP, JCIP
    Employment Type: Full-time
    Region: GLOBAL
    Summary: Common box religious art black way. Mrs clearly let blood must. Type teach effect realize reflect example. Record inside see also our box. Stock seem put base local article. Against other group outside."
54,"Name: Olivia Brown
    Job Family: Technology
    Role: Chief Information Officer
    Grade: AVP
    Department: Marketing
    Total Years of Experience: 23
    Years of Experience in Current Role: 12
    Skills: Technical Architecture, AWS, Web-Development, Project Management, Java, Azure, Python, Portfolio Management
    Qualifications: Diploma
    Certifications: OCJP, Mulesoft certification
    Employment Type: Contract
    Region: EMEA
    Summary: Capital power international generation under him deal. Happen so their manager data. Exactly yet degree true. Result financial maybe service community line but. Example past less next."
55,"Name: Jamie Walter
    Job Family: Technology
    Role: Business Analyst
    Grade: L2
    Department: Investment Banking
    Total Years of Experience: 21
    Years of Experience in Current Role: 20
    Skills: People Management, AWS, Big-Data, Software Testing, Code Analysis, Technical Architecture
    Qualifications: Bachelors
    Certifications: PMP, JCIP, AWS certified engineer
    Employment Type: Intern
    Region: APAC
    Summary: Control during people play. Direction explain southern expert. Foreign theory himself build forget tell. News deep nation."
56,"Name: Kevin Mitchell
    Job Family: Technology
    Role: Business Analyst
    Grade: L2
    Department: Investment Banking
    Total Years of Experience: 23
    Years of Experience in Current Role: 34
    Skills: Performance Tuning, Budgeting, AWS, People Management, Project Management, Web-Development, Agile, RDBMS
    Qualifications: Diploma
    Certifications: AWS certified engineer
    Employment Type: Full-time
    Region: EMEA
    Summary: Chair record until war piece vote. Growth common room film particular participant. Behind huge read off tax such. Eye long result adult. Offer above radio parent. Group mission edge own much stand."
57,"Name: Rebecca Weaver
    Job Family: Technology
    Role: Tech lead
    Grade: L3
    Department: Human Resource
    Total Years of Experience: 8
    Years of Experience in Current Role: 7
    Skills: Performance Tuning, AWS, Budgeting, Big-Data, Software Testing, People Management, Java
    Qualifications: Masters
    Certifications: Cloudera certified engineer
    Employment Type: Contract
    Region: AMER
    Summary: Along good her develop. Conference control group far. During sister imagine sister catch people south."
58,"Name: Connie Guzman
    Job Family: Technology
    Role: Automation engineer
    Grade: VP
    Department: Sales
    Total Years of Experience: 38
    Years of Experience in Current Role: 14
    Skills: Python, Budgeting, Software Testing, AWS, Agile, Java, Portfolio Management, Project Management, Azure
    Qualifications: Diploma
    Certifications: PMP, AWS certified engineer
    Employment Type: Intern
    Region: AMER
    Summary: Rule risk within good test another. And notice question area. Loss late perform appear approach national finally."
59,"Name: Kyle Curtis
    Job Family: Technology
    Role: Associate developer
    Grade: Executive Director
    Department: Marketing
    Total Years of Experience: 7
    Years of Experience in Current Role: 14
    Skills: Big-Data, Azure, Agile, Performance Tuning, AWS, Software Testing, Code Analysis
    Qualifications: Masters
    Certifications: AWS certified engineer, PMP
    Employment Type: Full-time
    Region: AMER
    Summary: Act name under begin deep. Line section phone box against argue. Information stop partner then raise alone north prove. Fight news as air character hair. South rest project anything end."
60,"Name: Seth Cooper
    Job Family: Technology
    Role: Associate developer
    Grade: L3
    Department: Sales
    Total Years of Experience: 15
    Years of Experience in Current Role: 37
    Skills: Software Testing, Java, Agile, Code Analysis, AWS
    Qualifications: Bachelors
    Certifications: Cloudera certified engineer
    Employment Type: Full-time
    Region: EMEA
    Summary: Evidence your receive course program executive. Other course drop kitchen. Happy charge president get last line. Blood fish fire wait entire example central machine."
61,"Name: Megan Cline
    Job Family: Technology
    Role: Associate developer
    Grade: Director
    Department: Compliance
    Total Years of Experience: 40
    Years of Experience in Current Role: 18
    Skills: Portfolio Management, Java, Full-Stack, AWS, People Management, Python, Budgeting
    Qualifications: Diploma
    Certifications: JCIP, AWS certified engineer, OCJP
    Employment Type: Contract
    Region: AMER
    Summary: Get next civil bank. Face news like technology number. Blood case find other season the. Wish anyone everything son least you. Could knowledge pretty talk. Way own though."
62,"Name: Brett Ramos
    Job Family: Technology
    Role: Senior developer
    Grade: AVP
    Department: Investment Banking
    Total Years of Experience: 2
    Years of Experience in Current Role: 8
    Skills: Project Management, Portfolio Management, Big-Data
    Qualifications: Bachelors
    Certifications: OCJP, Cloudera certified engineer, AWS certified engineer
    Employment Type: Full-time
    Region: EMEA
    Summary: Force year cut ability weight ability order. A nothing opportunity store effort head. International program when threat number. Run truth treat yourself. Bar oil reach. Top total piece open fill other."
63,"Name: Logan Roth
    Job Family: Technology
    Role: QA Engineer
    Grade: L3
    Department: Sales
    Total Years of Experience: 10
    Years of Experience in Current Role: 26
    Skills: Azure, Big-Data, Python, Portfolio Management, Java, Budgeting, AWS, Full-Stack
    Qualifications: Masters
    Certifications: OCJP
    Employment Type: Contract
    Region: AMER
    Summary: Business somebody treat watch other former. Follow agent interest nature. Two opportunity need true occur key scientist. Their current yeah."
64,"Name: Tyler Thomas
    Job Family: Technology
    Role: QA Engineer
    Grade: VP
    Department: Human Resource
    Total Years of Experience: 13
    Years of Experience in Current Role: 38
    Skills: Python, People Management, RDBMS, Agile, Technical Architecture, Performance Tuning
    Qualifications: Masters
    Certifications: AWS certified engineer
    Employment Type: Full-time
    Region: AMER
    Summary: Score need remember today each. Stock eight despite property. Account may add line technology it. Play church data answer little. Southern movement each voice go out."
65,"Name: Kelly Stevens
    Job Family: Technology
    Role: Business Analyst
    Grade: L2
    Department: Finance
    Total Years of Experience: 38
    Years of Experience in Current Role: 29
    Skills: Code Analysis, RDBMS, Azure, Budgeting
    Qualifications: Diploma
    Certifications: JCIP, AWS certified engineer, PMP
    Employment Type: Part-time
    Region: EMEA
    Summary: Thing leader industry center song affect part. Father science control environmental approach. News machine much officer official eat. One company yes. Point space office seem show. Memory situation become him community protect anyone determine."
66,"Name: Christina Rangel
    Job Family: Technology
    Role: Project Manager
    Grade: Director
    Department: Investment Banking
    Total Years of Experience: 17
    Years of Experience in Current Role: 30
    Skills: Python, Budgeting, Web-Development, Big-Data, Technical Architecture, Code Analysis, Azure, Portfolio Management, Full-Stack
    Qualifications: Diploma
    Certifications: Mulesoft certification, Cloudera certified engineer
    Employment Type: Intern
    Region: AMER
    Summary: American culture loss get. Home on or raise. Positive hotel war especially these."
67,"Name: Michael Miller
    Job Family: Technology
    Role: Project Manager
    Grade: Director
    Department: Audit
    Total Years of Experience: 40
    Years of Experience in Current Role: 25
    Skills: People Management, Software Testing, Azure, Agile, AWS
    Qualifications: Bachelors
    Certifications: JCIP
    Employment Type: Full-time
    Region: AMER
    Summary: Practice cultural this arrive above drug. Among free son. Almost current individual purpose. Economy key movement. Score appear name three before."
68,"Name: Benjamin Williams
    Job Family: Technology
    Role: Program Manager
    Grade: AVP
    Department: Finance
    Total Years of Experience: 8
    Years of Experience in Current Role: 5
    Skills: Java, Web-Development, Code Analysis, Technical Architecture, Big-Data, Budgeting, People Management, Portfolio Management, AWS
    Qualifications: Diploma
    Certifications: AWS certified engineer, JCIP
    Employment Type: Intern
    Region: EMEA
    Summary: Move item letter we free participant car. Threat picture spend fact image himself reality. Guy radio federal could option reduce."
69,"Name: Sharon Madden
    Job Family: Technology
    Role: Chief Technology Officer
    Grade: Director
    Department: Private Banking
    Total Years of Experience: 19
    Years of Experience in Current Role: 1
    Skills: Java, People Management, Agile
    Qualifications: Diploma
    Certifications: OCJP, Cloudera certified engineer
    Employment Type: Part-time
    Region: GLOBAL
    Summary: South red head next visit subject. As but consider outside fill program he least. World memory consumer record. Apply she official language carry. Price station stock like western see administration course."
70,"Name: Amanda Anderson
    Job Family: Technology
    Role: Project Manager
    Grade: L1
    Department: Finance
    Total Years of Experience: 3
    Years of Experience in Current Role: 12
    Skills: Java, Project Management, Full-Stack, Azure, Agile
    Qualifications: Masters
    Certifications: OCJP, PMP
    Employment Type: Full-time
    Region: EMEA
    Summary: Share pay avoid outside while. Staff necessary offer suffer. Choose year peace because billion. Age successful happen quite approach performance."
71,"Name: David Ponce
    Job Family: Technology
    Role: Chief Technology Officer
    Grade: L2
    Department: Private Banking
    Total Years of Experience: 9
    Years of Experience in Current Role: 26
    Skills: Azure, RDBMS, Java, Code Analysis, Python, Portfolio Management, Big-Data
    Qualifications: Bachelors
    Certifications: Mulesoft certification, PMP, OCJP
    Employment Type: Full-time
    Region: GLOBAL
    Summary: Subject case up floor social traditional show. Able south perhaps opportunity teacher someone. Carry cut month already. Guy century TV traditional magazine city I dog. Another successful federal popular entire somebody. Single later day draw tonight four them media."
72,"Name: Oscar Wright
    Job Family: Technology
    Role: Associate developer
    Grade: L3
    Department: Compliance
    Total Years of Experience: 34
    Years of Experience in Current Role: 21
    Skills: Software Testing, Web-Development, Java, Code Analysis
    Qualifications: Masters
    Certifications: JCIP, PMP
    Employment Type: Full-time
    Region: EMEA
    Summary: Month middle help majority buy rate exactly. Section include section bit add success. Thing officer season change effect no. Mention PM near report culture. Guy loss human state."
73,"Name: Timothy Donovan
    Job Family: Technology
    Role: QA Engineer
    Grade: L3
    Department: Audit
    Total Years of Experience: 25
    Years of Experience in Current Role: 14
    Skills: Python, Budgeting, Portfolio Management, Performance Tuning, Web-Development, Project Management
    Qualifications: Masters
    Certifications: AWS certified engineer, PMP
    Employment Type: Intern
    Region: EMEA
    Summary: Worker assume sit prevent stop trip scientist. They six tend attack wish. Citizen land similar consider day stage former. Charge nothing like notice president would standard. School guess region quality home listen development season. Agent fine thousand old."
74,"Name: Tracie Middleton
    Job Family: Technology
    Role: Project Manager
    Grade: VP
    Department: Human Resource
    Total Years of Experience: 36
    Years of Experience in Current Role: 39
    Skills: People Management, Python, Full-Stack, Portfolio Management, AWS, Azure, Java, Software Testing, Agile
    Qualifications: Bachelors
    Certifications: PMP, JCIP, AWS certified engineer
    Employment Type: Part-time
    Region: GLOBAL
    Summary: Brother spend ago manager. Debate community office both nor perhaps radio. Tv put where. Stock sense paper turn scientist old head. Growth talk food several something grow your."
75,"Name: Joshua Moreno
    Job Family: Technology
    Role: Tech lead
    Grade: AVP
    Department: Sales
    Total Years of Experience: 25
    Years of Experience in Current Role: 39
    Skills: Budgeting, Performance Tuning, Java, Full-Stack, Azure, Big-Data, Project Management, AWS, Portfolio Management, Code Analysis
    Qualifications: Diploma
    Certifications: Cloudera certified engineer
    Employment Type: Intern
    Region: AMER
    Summary: Response rather knowledge among wish. Let little heavy later. Eight standard year address."
76,"Name: Suzanne Quinn
    Job Family: Technology
    Role: Business Analyst
    Grade: Executive Director
    Department: Marketing
    Total Years of Experience: 4
    Years of Experience in Current Role: 27
    Skills: RDBMS, Agile, Code Analysis, Budgeting, Python
    Qualifications: Diploma
    Certifications: AWS certified engineer
    Employment Type: Part-time
    Region: APAC
    Summary: Who western walk heart. Democratic speak state their time energy. Side central small family popular evidence. Leg computer memory while agreement husband decision year. Inside difficult age not hand agency tend expect. Name class stop decide wrong prepare despite."
77,"Name: Terry Stark
    Job Family: Technology
    Role: Senior developer
    Grade: Executive Director
    Department: Retail Banking
    Total Years of Experience: 3
    Years of Experience in Current Role: 7
    Skills: Big-Data, Python, People Management, Performance Tuning, Azure, Portfolio Management, Code Analysis, Technical Architecture, Full-Stack
    Qualifications: Masters
    Certifications: PMP, Cloudera certified engineer, AWS certified engineer
    Employment Type: Intern
    Region: GLOBAL
    Summary: Tree although argue big girl. Responsibility off food trial gun tell pull. Control any affect add feeling color inside. Coach well bar ready job seek under. Trip student expert point subject win. Expect health lay after animal city eat."
78,"Name: Michael Johnson
    Job Family: Technology
    Role: Program Manager
    Grade: L2
    Department: Human Resource
    Total Years of Experience: 39
    Years of Experience in Current Role: 34
    Skills: Performance Tuning, Portfolio Management, RDBMS, Project Management, Budgeting, AWS, Azure, Software Testing, Full-Stack, Python
    Qualifications: Bachelors
    Certifications: Mulesoft certification, JCIP, OCJP
    Employment Type: Contract
    Region: EMEA
    Summary: Prove start foot heart fly this. Tough several measure despite letter financial but physical. Off word writer people fly."
79,"Name: Mary Quinn
    Job Family: Technology
    Role: QA Engineer
    Grade: L2
    Department: Finance
    Total Years of Experience: 40
    Years of Experience in Current Role: 19
    Skills: Java, Budgeting, Azure, Full-Stack
    Qualifications: Diploma
    Certifications: Cloudera certified engineer, PMP
    Employment Type: Intern
    Region: GLOBAL
    Summary: Thousand low next water baby. Tend fire put act push science degree. Level individual detail wife research. Can past somebody weight shake or. Structure agency military former way part."
80,"Name: William Austin
    Job Family: Technology
    Role: QA Engineer
    Grade: L2
    Department: Human Resource
    Total Years of Experience: 1
    Years of Experience in Current Role: 5
    Skills: Big-Data, People Management, Performance Tuning, Full-Stack
    Qualifications: Bachelors
    Certifications: OCJP, Cloudera certified engineer
    Employment Type: Contract
    Region: EMEA
    Summary: Show everybody plant door summer news. Wrong from believe rather miss same. Relate true computer. Return pass position keep season show American."
81,"Name: Christopher Beasley
    Job Family: Technology
    Role: Chief Technology Officer
    Grade: L2
    Department: Marketing
    Total Years of Experience: 1
    Years of Experience in Current Role: 21
    Skills: Software Testing, Web-Development, Performance Tuning, People Management
    Qualifications: Masters
    Certifications: Mulesoft certification
    Employment Type: Contract
    Region: GLOBAL
    Summary: Author control look five. Himself south father. Produce society data brother. Real whatever air. Himself move these nothing choose staff history."
82,"Name: Todd Brady
    Job Family: Technology
    Role: Business Analyst
    Grade: L3
    Department: Compliance
    Total Years of Experience: 24
    Years of Experience in Current Role: 5
    Skills: Java, Web-Development, Big-Data, Portfolio Management, Project Management, AWS, Azure, Python, RDBMS
    Qualifications: Bachelors
    Certifications: AWS certified engineer, Cloudera certified engineer
    Employment Type: Intern
    Region: GLOBAL
    Summary: Save more worry here collection life. Enter doctor subject coach increase new resource. Nor agent hot trade effect this give."
83,"Name: Danny Morrison DDS
    Job Family: Technology
    Role: Associate developer
    Grade: AVP
    Department: Finance
    Total Years of Experience: 37
    Years of Experience in Current Role: 2
    Skills: Python, Performance Tuning, Portfolio Management, AWS, Project Management, Big-Data, Web-Development, Code Analysis, Java
    Qualifications: Diploma
    Certifications: JCIP, OCJP
    Employment Type: Intern
    Region: EMEA
    Summary: Off decision strategy seven wish. Indicate whatever hotel. Argue travel analysis growth season try past. Run create husband final full project real."
84,"Name: William Edwards
    Job Family: Technology
    Role: Automation engineer
    Grade: L1
    Department: Human Resource
    Total Years of Experience: 35
    Years of Experience in Current Role: 32
    Skills: Project Management, Budgeting, Performance Tuning, Web-Development, Software Testing, Full-Stack, Portfolio Management, Java
    Qualifications: Masters
    Certifications: JCIP, Cloudera certified engineer
    Employment Type: Part-time
    Region: AMER
    Summary: Simply catch PM knowledge few. Reach simple mouth sort. Month mention trip run care each economic. Town huge wait include close area."
85,"Name: Melissa Estrada
    Job Family: Technology
    Role: Associate developer
    Grade: VP
    Department: Compliance
    Total Years of Experience: 12
    Years of Experience in Current Role: 8
    Skills: Java, Budgeting, Performance Tuning, People Management, Azure, Python
    Qualifications: Bachelors
    Certifications: AWS certified engineer, PMP, JCIP
    Employment Type: Part-time
    Region: AMER
    Summary: Try north blue song try inside field. Per soldier actually painting. Like worry along."
86,"Name: Phillip Klein
    Job Family: Technology
    Role: Program Manager
    Grade: Executive Director
    Department: Private Banking
    Total Years of Experience: 40
    Years of Experience in Current Role: 17
    Skills: RDBMS, Azure, Java
    Qualifications: Masters
    Certifications: JCIP, Mulesoft certification, Cloudera certified engineer
    Employment Type: Full-time
    Region: EMEA
    Summary: Fact at table oil. Low million remain turn medical live key. Because speech glass cut join woman management. Almost magazine painting Mr thought pass. Machine green board tough spring article until scientist."
87,"Name: Terri Smith
    Job Family: Technology
    Role: Tech lead
    Grade: Managing Director
    Department: Retail Banking
    Total Years of Experience: 24
    Years of Experience in Current Role: 22
    Skills: Technical Architecture, Java, Azure, People Management, Python, Web-Development
    Qualifications: Bachelors
    Certifications: OCJP, AWS certified engineer
    Employment Type: Intern
    Region: AMER
    Summary: Tonight here citizen page. Idea crime talk American wind study truth fast. Various most impact feeling yet third loss. Maybe international idea brother cultural hope miss. Decide great central research party today toward."
88,"Name: Sean Davis
    Job Family: Technology
    Role: Senior developer
    Grade: Executive Director
    Department: Human Resource
    Total Years of Experience: 35
    Years of Experience in Current Role: 23
    Skills: Big-Data, Python, Portfolio Management
    Qualifications: Diploma
    Certifications: Cloudera certified engineer, AWS certified engineer
    Employment Type: Intern
    Region: AMER
    Summary: Television election audience candidate best control. Produce history attention arrive girl home. Deep rather four church statement."
89,"Name: Katherine Dougherty
    Job Family: Technology
    Role: Program Manager
    Grade: Executive Director
    Department: Private Banking
    Total Years of Experience: 26
    Years of Experience in Current Role: 26
    Skills: Technical Architecture, AWS, Big-Data
    Qualifications: Diploma
    Certifications: Mulesoft certification, OCJP
    Employment Type: Full-time
    Region: APAC
    Summary: Provide shake smile. President sense name often cultural. Serve this imagine structure throughout far. Before black listen worker traditional. Total trial information card provide. Trip time past particularly decision improve."
90,"Name: Pamela Rodriguez
    Job Family: Technology
    Role: Program Manager
    Grade: VP
    Department: Retail Banking
    Total Years of Experience: 18
    Years of Experience in Current Role: 11
    Skills: Budgeting, Agile, Technical Architecture, Web-Development, Azure, RDBMS, Full-Stack, Software Testing, AWS, Java
    Qualifications: Masters
    Certifications: Cloudera certified engineer, AWS certified engineer
    Employment Type: Full-time
    Region: EMEA
    Summary: Officer mind popular sometimes reach. Worker federal where apply. Back development form rich risk bag. Find size actually yeah. They church meet less. According some mouth cover."
91,"Name: Alexis Carter
    Job Family: Technology
    Role: Senior developer
    Grade: Managing Director
    Department: Sales
    Total Years of Experience: 32
    Years of Experience in Current Role: 24
    Skills: People Management, RDBMS, Portfolio Management, Performance Tuning, Technical Architecture, Software Testing, Budgeting, Project Management, Big-Data, Code Analysis
    Qualifications: Diploma
    Certifications: AWS certified engineer, JCIP
    Employment Type: Intern
    Region: APAC
    Summary: Send trip free several commercial camera station. Knowledge chance glass cold financial early often recently. Method section start bit."
92,"Name: Miguel Johnson
    Job Family: Technology
    Role: Automation engineer
    Grade: Executive Director
    Department: Audit
    Total Years of Experience: 15
    Years of Experience in Current Role: 28
    Skills: Performance Tuning, AWS, Java, Budgeting, Project Management, Agile, Big-Data, Azure, Full-Stack
    Qualifications: Masters
    Certifications: OCJP, JCIP
    Employment Type: Intern
    Region: APAC
    Summary: Focus everybody wrong cold doctor fear physical. Baby report manager though. All fire whole brother. Voice when expect suddenly decision manage."
93,"Name: Margaret Stanley
    Job Family: Technology
    Role: Tech lead
    Grade: L2
    Department: Marketing
    Total Years of Experience: 29
    Years of Experience in Current Role: 22
    Skills: Portfolio Management, People Management, Java, Software Testing, RDBMS, Project Management, Web-Development, AWS, Python, Budgeting
    Qualifications: Masters
    Certifications: OCJP, AWS certified engineer
    Employment Type: Part-time
    Region: EMEA
    Summary: Heavy which environment expert central near. Knowledge respond business conference. Important key election recently."
94,"Name: Pam Kennedy
    Job Family: Technology
    Role: Associate developer
    Grade: L3
    Department: Retail Banking
    Total Years of Experience: 34
    Years of Experience in Current Role: 33
    Skills: Project Management, Performance Tuning, Code Analysis, AWS, Big-Data, Technical Architecture, RDBMS, Agile, Full-Stack
    Qualifications: Masters
    Certifications: JCIP
    Employment Type: Contract
    Region: APAC
    Summary: Standard outside idea stage. Lose would commercial affect side. Happy hundred commercial join black. Strategy about so bed situation."
95,"Name: Bonnie Andrews
    Job Family: Technology
    Role: Senior developer
    Grade: VP
    Department: Compliance
    Total Years of Experience: 4
    Years of Experience in Current Role: 20
    Skills: Big-Data, Portfolio Management, Python, Code Analysis, Performance Tuning
    Qualifications: Diploma
    Certifications: Mulesoft certification, Cloudera certified engineer
    Employment Type: Part-time
    Region: EMEA
    Summary: Own thus final ever. Hold measure write rock. Throughout money worry usually early relationship leader clearly. Ground class personal really."
96,"Name: Leon Williams
    Job Family: Technology
    Role: Tech lead
    Grade: L1
    Department: Marketing
    Total Years of Experience: 26
    Years of Experience in Current Role: 40
    Skills: Portfolio Management, Code Analysis, Python
    Qualifications: Bachelors
    Certifications: Cloudera certified engineer, OCJP
    Employment Type: Full-time
    Region: AMER
    Summary: Support among character student low start maintain. Ok order as security site figure. Point easy lot medical thought back. Main man city special. Tree performance arm success benefit window."
97,"Name: Chloe Ferguson
    Job Family: Technology
    Role: Automation engineer
    Grade: Director
    Department: Audit
    Total Years of Experience: 33
    Years of Experience in Current Role: 12
    Skills: Portfolio Management, People Management, Agile, Big-Data
    Qualifications: Diploma
    Certifications: Mulesoft certification, JCIP
    Employment Type: Full-time
    Region: EMEA
    Summary: Sense hit environment against. Agreement along eight field among. Appear year example wonder. Those gas lose purpose ahead together."
98,"Name: Bryan Hall
    Job Family: Technology
    Role: Project Manager
    Grade: L1
    Department: Sales
    Total Years of Experience: 8
    Years of Experience in Current Role: 15
    Skills: Full-Stack, Java, Web-Development, Budgeting, AWS, Technical Architecture, Big-Data, Project Management, RDBMS, People Management
    Qualifications: Diploma
    Certifications: Cloudera certified engineer, OCJP
    Employment Type: Full-time
    Region: GLOBAL
    Summary: Hear memory finally. Nature star focus. Meet too little organization place common minute. Wind yeah ask call share material."
99,"Name: Michael Roberts
    Job Family: Technology
    Role: Senior developer
    Grade: AVP
    Department: Private Banking
    Total Years of Experience: 17
    Years of Experience in Current Role: 2
    Skills: Budgeting, Software Testing, Azure, Full-Stack, People Management, Big-Data, RDBMS, AWS
    Qualifications: Masters
    Certifications: Mulesoft certification, PMP
    Employment Type: Full-time
    Region: EMEA
    Summary: Able call possible. Main miss knowledge red until act heavy within. Economic recently office story unit night forward beyond. Authority true design behavior list wear not."
100,"Name: Jonathan Snyder
    Job Family: Technology
    Role: Chief Information Officer
    Grade: L2
    Department: Marketing
    Total Years of Experience: 1
    Years of Experience in Current Role: 2
    Skills: Project Management, AWS, Python, Java
    Qualifications: Bachelors
    Certifications: OCJP
    Employment Type: Contract
    Region: GLOBAL
    Summary: How choice rich one. Act herself society. Stuff on property."
